{"is_source_file": false, "format": "", "description": "", "external_files": [], "external_methods": [], "published": [], "classes": [], "methods": [], "calls": [], "search-terms": [], "state": 2, "file_id": 10, "knowledge_revision": 17, "git_revision": "4051033d37f250428f6c7b156b700b72cd41bb87", "hash": "d9d975cebe2ec20b6c652e1e4c12ccf0", "format-version": 4, "code-base-name": "quiz_frontend", "filename": "quiz_frontend/public/manifest.json", "revision_history": [{"17": "4051033d37f250428f6c7b156b700b72cd41bb87"}]}