{"is_source_file": false, "format": "", "description": "", "external_files": [], "external_methods": [], "published": [], "classes": [], "methods": [], "calls": [], "search-terms": [], "state": 2, "file_id": 2, "knowledge_revision": 16, "git_revision": "4051033d37f250428f6c7b156b700b72cd41bb87", "hash": "22f9e17cc1848b56dbb244518ac2707e", "format-version": 4, "code-base-name": "quiz_frontend", "filename": "quiz_frontend/src/App.css", "revision_history": [{"16": "4051033d37f250428f6c7b156b700b72cd41bb87"}]}