{"is_source_file": false, "format": "", "description": "", "external_files": [], "external_methods": [], "published": [], "classes": [], "methods": [], "calls": [], "search-terms": [], "state": 2, "file_id": 4, "knowledge_revision": 18, "git_revision": "4051033d37f250428f6c7b156b700b72cd41bb87", "ctags": [], "hash": "1a77571e1a8cf36018a41bcedf60db75", "format-version": 4, "code-base-name": "quiz_frontend", "filename": "quiz_frontend/src/setupTests.js", "revision_history": [{"18": "4051033d37f250428f6c7b156b700b72cd41bb87"}]}