{"is_source_file": false, "format": "", "description": "", "external_files": [], "external_methods": [], "published": [], "classes": [], "methods": [], "calls": [], "search-terms": [], "state": 2, "file_id": 9, "knowledge_revision": 21, "git_revision": "4051033d37f250428f6c7b156b700b72cd41bb87", "hash": "d2b40d02d5f7873d8a6713bad837edd4", "format-version": 4, "code-base-name": "quiz_frontend", "filename": "quiz_frontend/public/index.html", "revision_history": [{"21": "4051033d37f250428f6c7b156b700b72cd41bb87"}]}