{"is_source_file": false, "format": "", "description": "", "external_files": [], "external_methods": [], "published": [], "classes": [], "methods": [], "calls": [], "search-terms": [], "state": 2, "file_id": 5, "knowledge_revision": 15, "git_revision": "4051033d37f250428f6c7b156b700b72cd41bb87", "hash": "6c2104b8d219ed99234ae2d6329f4357", "format-version": 4, "code-base-name": "quiz_frontend", "filename": "quiz_frontend/src/index.css", "revision_history": [{"15": "4051033d37f250428f6c7b156b700b72cd41bb87"}]}