{"is_source_file": false, "format": "", "description": "", "external_files": [], "external_methods": [], "published": [], "classes": [], "methods": [], "calls": [], "search-terms": [], "state": 2, "file_id": 11, "knowledge_revision": 25, "git_revision": "4051033d37f250428f6c7b156b700b72cd41bb87", "hash": "ebece526bc2eadd78ddd787a76c56607", "format-version": 4, "code-base-name": "quiz_frontend", "filename": "quiz_frontend/README.md", "revision_history": [{"25": "4051033d37f250428f6c7b156b700b72cd41bb87"}]}