{"is_source_file": true, "format": "JavaScript (ESModule)", "description": "ESLint configuration file for JavaScript and React projects, specifying parser options, global variables, and plugin rules.", "external_files": ["@eslint/js", "eslint-plugin-react"], "external_methods": [], "published": [], "classes": [], "methods": [], "calls": ["pluginJs", "pluginReact", "pluginJs.configs.recommended"], "search-terms": ["eslint", "eslint-config", "react", "jsx", "js", "eslint-plugin-react", "eslint.config.mjs", "parserOptions", "rules", "globals"], "state": 2, "file_id": 1, "knowledge_revision": 14, "git_revision": "4051033d37f250428f6c7b156b700b72cd41bb87", "hash": "be6538e7523bc2e9da0743133d784136", "format-version": 4, "code-base-name": "quiz_frontend", "filename": "quiz_frontend/eslint.config.mjs", "revision_history": [{"14": "4051033d37f250428f6c7b156b700b72cd41bb87"}]}