{"is_source_file": true, "format": "JavaScript", "description": "This file initializes and renders the root React component into the DOM, serving as the entry point for a React application.", "external_files": ["react", "react-dom/client", "./index.css", "./App"], "external_methods": ["ReactDOM.createRoot", "React.StrictMode", "ReactDOM.render", "document.getElementById"], "published": [], "classes": [], "methods": [{"name": "ReactDOM.createRoot", "description": "Creates a React root for rendering React components into the DOM."}, {"name": "React.StrictMode", "description": "A wrapper component that helps with highlighting potential problems in an application."}, {"name": "root.render", "description": "Renders the React component hierarchy into the React root."}], "calls": ["ReactDOM.createRoot", "root.render", "document.getElementById"], "search-terms": ["ReactDOM", "createRoot", "render", "StrictMode", "index.js entry point", "ReactDOM.createRoot", "React.StrictMode"], "state": 2, "file_id": 6, "knowledge_revision": 23, "git_revision": "4051033d37f250428f6c7b156b700b72cd41bb87", "ctags": [{"_type": "tag", "name": "root", "path": "/home/kavia/workspace/code-generation/react-quiz-builder-and-tester-201741-201751/quiz_frontend/src/index.js", "pattern": "/^const root = ReactDOM.createRoot(document.getElementById('root'));$/", "language": "JavaScript", "kind": "constant"}], "hash": "9fc5841375336fc175b49f8767a11383", "format-version": 4, "code-base-name": "quiz_frontend", "filename": "quiz_frontend/src/index.js", "revision_history": [{"23": "4051033d37f250428f6c7b156b700b72cd41bb87"}]}