{"is_source_file": false, "format": "", "description": "", "external_files": [], "external_methods": [], "published": [], "classes": [], "methods": [], "calls": [], "search-terms": [], "state": 2, "file_id": 8, "knowledge_revision": 24, "git_revision": "4051033d37f250428f6c7b156b700b72cd41bb87", "hash": "d001d53c059625c4bcf75bf5a7f3fcf0", "format-version": 4, "code-base-name": "quiz_frontend", "filename": "quiz_frontend/package.json", "revision_history": [{"24": "4051033d37f250428f6c7b156b700b72cd41bb87"}]}